{
	"source": "Engine-Postman",
	"requestId": "3dfcc29e-6574-11ed-9022-0242ac120002",
	"createDate": "2022-11-16T09:02:50+03:00",
	"data": {
		"bccCustomerNumber": 0,
		"bccSubProductsId": 0,
		"bccContractNumber": 0,
		"workFlowID": 0,
		"batch": false,
		"isBatch": false,
		"parameters": [
			{
				"priority": 1,
				"eventCode": "OAITCR",
				"HouseNumber": "37#",
				"SeekerOrderNo": "1111111111111111111",
				"Email": "mailto:salah.a@mobily.com",
				"Address": "Central Riyadh King Fhad Distrinct salimi st. 37#",
				"FirstName": "SSS",
				"SNA": "null",
				"GovtIdNo": "2412345678",
				"City": "Riyadh",
				"AppointmentNo": "A2022110910114300023673",
				"MiddleName": "",
				"Mobile": "512345432",
				"FeasibilityId": "32634",
				"SeekerServiceNo": "20221116090159",
				"GovtIdType": "A",
				"Region": "Central",
				"FiberType": "FTTB",
				"LastName": "Taha",
				"PlateNo": "JDOBRJ02215",
				"TransactionId":"#TRANSACTION#"
			},
			{
				"priority": 2,
				"eventCode": "OAITCR",
				"HouseNumber": "55#",
				"SeekerOrderNo": "222222222222222",
				"Email": "mailto:ahmad.a@mobily.com",
				"Address": "Amman Raghdan 37#",
				"FirstName": "Ahmad",
				"SNA": "null",
				"GovtIdNo": "94515665165",
				"City": "Amman",
				"AppointmentNo": "A202BYy555556412",
				"MiddleName": "Firas",
				"Mobile": "07888888888",
				"FeasibilityId": "32634",
				"SeekerServiceNo": "222222222222222",
				"GovtIdType": "B",
				"Region": "Central",
				"FiberType": "FTTH",
				"LastName": "Moath",
				"PlateNo": "ERR554ST55X",
				"TransactionId":"#TRANSACTION#"
			},
			{
				"priority": 3,
				"eventCode": "OAITCR",
				"HouseNumber": "63#",
				"SeekerOrderNo": "3333333333333333",
				"Email": "mailto:mohammad.a@mobily.com",
				"Address": "Zarqa AlRusfia 63#",
				"FirstName": "Mohammad",
				"SNA": "null",
				"GovtIdNo": "8815103586",
				"City": "Zarqa",
				"AppointmentNo": "A2022BGG99912",
				"MiddleName": "",
				"Mobile": "512345432",
				"FeasibilityId": "32634",
				"SeekerServiceNo": "3333333333333333",
				"GovtIdType": "A",
				"Region": "Central",
				"FiberType": "FTTB",
				"LastName": "Abdallah",
				"PlateNo": "SS8887QA",
				"TransactionId":"#TRANSACTION#"
			}
		]
	}
}